-- 1. Uncoment persistence.xml code to generate whole DB and add admin for a first time
-- 2. Uncoment persistence code to generate whole DB and add admin for a first time

INSERT INTO vartotojotipas(id, finansai, klientai, konfiguracija, pardavimai, sandelis, statistika, pavadinimas)
VALUES
    (2, 0, 0, 0, 1, 1, 0, "Pardavėjas"),
    (3, 1, 0, 0, 0, 0, 1, "Buhalteris"),
    (4, 0, 0, 0, 0, 1, 0, "Sandėlininkas");

INSERT INTO vartotojas(id, apibrezimas, pavarde, prisijungimoVardas, slaptazodis, telefonas, vardas, vartotojoTipas_id)
VALUES
    (2, "Pardavėjas Tomas, g. m. 1998-02-03, tarnavo armijoje", "Petkus", "tomas1", "1fb231672bf08f7e652ab4cbc62e3b1e", "+37086123464", "Tomas", 2),
    (3, "Buhalterė", "Puodžiukas", "gintare1", "c0e519db7e23e0f1daea5cc62804c96d", "860123465", "Gintarė", 3),
    (4, "Pardavėjas", "Kairys", "jonas1", "f6550b1675f141df1a2924e95ed38b20", "+37086123457", "Jonas", 2),
    (5, "Dizaineris ir pardavėjas", "Kolas", "petras1", "bc93b048fe090d5f856716e75e30bf57", "860123456", "Petras", 2),
    (6, "Vyriausias sandėlininkas", "Michailov", "giedrius123", "3662a2fdf85b8e15a6b08bcf3e2d6223", "+37086123458", "Giedrius", 4),
    (7, "Buhalterė internas", "Glikman", "laura13", "4db0f491b6c44d1d9e7e3e02c19fb404", "860123459", "Laura", 3),
    (8, "Sandėlininkė", "Andruškevič", "jurga14", "9ef4aacbb390b92a96ad7a78c2efbd19", "+37086123460", "Jurga", 4),
    (9, "Administratorius", "Volkovas", "admin1", "e00cf25ad42683b3df678c61f42c6bda", "860123461", "Rokas", 1),
    (10, "Pardavėja", "Kondratavičienė", "eglee", "92d27cd7fdcdc4842d49be7c370273d2", "+37086123462", "Eglė", 2),
    (11, "Buhalterė", "Domarkienė", "doma123", "7b4786b0558a99e5e9106395d59ca8b0", "860123463", "Rita", 3);

INSERT INTO produktas(id, pavadinimas,  rekomenduojamaKaina, apibrezimas)
VALUES
       (1, "AEG L9WBCN61B Skalbimo mašina", 1084.99,"Didžiausia skalbinių talpa: 10kg
Matmanys: 87x59.7x63.6
Energijos klasė A
Džiovinimas: Yra"),
       (2, "Samsung WW60A3120WE/ LE Skalbimo mašina", 327.45,"Didžiausia skalbinių talpa: 6kg
Energijos klasė: C
Skalbinių džiovinimas: nėra"),
       (3, "Samsung WW60A3120BE/ LE Skalbimo mašina", 300.87,"Didžiausia skalbinių talpa: 6kg
Matmenys: 85x60x42cm
Energijos klasė: C
Skalbinių džiovinimas: nėra"),
       (4, "Šaldytuvas Hisense RR58D4AWF",  96.7,"Tipas: vienos kameros šaldytuvas
Matmenys: 50x44.5x46.8cm"),
       (5, "Šaldytuvas Samsung RB38A7B4EB1/ EF", 513.28,"Matmenys: 203x59.5x65.8"),
       (6, "Įmontuojama mikrobangų krosnelė AEG MBB1756SEB", 349.99,"Visiškai inregruojama mikrobangų krosnelė
Durų atidarymo mechanizmas: Elektroninis
Gaminimo režimai: Mikro bangos
Mikrobangų krosnelės galia: 800 W, 5 lygiai
Spartaus paleidimo funkcija visu pajėgumu su 30 sek. intervalais"),
       (7, "Sharp R200BKW mikrobangų krosnelė", 65.49,"Talpa: 20l
Grilis: ne
Galia: 800 W"),
       (8, "Sharp R-242WW mikrobangų krosnelė", 57.99,"Talpa: 20l
Grilis: ne
Galia: 800 W"),
       (9, "Beko MOC20100BFB mikrobangų krosnelė", 66,"Talpa: 20l
Grilis: ne
Galia: 700 W");

insert into sandeliopreke(id, kiekis, produktas_id, pirkimoKaina)
VALUES
    (1,23,1,950),
    (2,16,2,299),
    (3,16,2,294.55),
    (4,54,3,246.55),
    (5,33,4,78.63),
    (6,33,4,80.55),
    (7,14,5,447),
    (8,21,6,302.56),
    (9,20,7,54.25),
    (10,36,8,31.18),
    (11,36,8,33.24),
    (12,43,9,48.65);

INSERT INTO zyme(id, pavadinimas, tipas)
VALUES
    (1, "BEKO", 1),
    (2, "SAMSUNG", 1),
    (3, "AEG", 1),
    (4, "HISENSE", 1),
    (5, "SHARP", 1),
    (6, "MIKROBANGIŲ KROSNELĖ", 1),
    (7, "ŠALDYTUVAS", 1),
    (8, "SKALBIMO MAŠINA", 1),
    (9, "ALGA", 0),
    (10, "PIRKIMAI", 0),
    (11, "DRAUDIMAS", 0),
    (12, "INVESTICIJOS", 0);

INSERT INTO produktas_zyme(Produktas_id, zymes_id)
VALUES
    (1, 3),
    (1, 8),
    (2, 2),
    (2, 8),
    (3, 2),
    (3, 8),
    (4, 4),
    (4, 7),
    (5, 2),
    (5, 7),
    (6, 6),
    (6, 3),
    (7, 6),
    (7, 5),
    (8, 6),
    (8, 5),
    (9, 6),
    (9, 1);

INSERT INTO klientas(id, imone, pastas, pavarde, telefonas, vardas)
VALUES
    (1, "UAB PELNAS", "eligijus.milosas@gmail.com", "Milošas", "+37058954231", "Eligijus"),
    (2, "UAB GIRTEKA", "benediktas.vanagas@girteka.lt", "Vanagas", "+4586213549", "Benediktas"),
    (3, "UAB PELNAS", "eligijus.milosas@gmail.com", "Milošas", "+37058954231", "Eligijus"),
    (4, "UAB GIRTEKA", "pavzone@gmail.com", "Petkov", "+3702588954", "Algirdas"),
    (5, "", "pavzone@gmail.com", "Petkov", "+3702588954", "Algirdas"),
    (6, "", "tomas.jankauskas@techvilnius.com", "Jankauskas", "+37061234567", "Tomas"),
    (7, "AB PREKYBA", "giedre.rutkauskiene@prekyba.lt", "Rutkauskienė", "+37051234567", "Giedrė"),
    (8, "", "edvardas.cepulis@logistika.lt", "Čepulis", "+37069874563", "Edvardas"),
    (9, "", "aurelija.jonusiene@energija.lt", "Jonišienė", "+37069874123", "Aurelija"),
    (10, "UAB KURJERIS", "vaidas.brazauskas@kurjeris.lt", "Brazauskas", "+37069874123", "Vaidas"),
    (11, "", "diana.sakalauskaite@statyba.lt", "Sakalauskaitė", "+37069874563", "Diana"),
    (12, "AB TECHNO", "linas.jonuska@techno.lt", "Jonuska", "+37069874563", "Linas"),
    (13, "AB ELEKTRA", "rimgaudas.kazlauskas@elektra.lt", "Kazlauskas", "+37069874123", "Rimgaudas"),
    (14, "", "gabija.mikalauskaite@medis.lt", "Mikalauskaitė", "+37069874123", "Gabija"),
    (15, "AB AUTO", "algimantas.pavardenis@auto.lt", "Pavardenis", "+37069874563", "Algimantas"),
    (16, "UAB KOMPAS", "simona.varnelyte@kompas.lt", "Varnelytė", "+37069874123", "Simona"),
    (17, "UAB VERSLAS", "robertas.zubrickas@verslas.lt", "Žubrickas", "+37069874123", "Robertas"),
    (18, "UAB KREDITAS", "vaida.pociute@kreditas.lt", "Pociūtė", "+37069874563", "Vaida"),
    (19, "", "tomas.teatrauskas@teatras.lt", "Teatrauskas", "+37069874563", "Tomas"),
    (20, "", "dainius.jankauskas@baltija.lt", "Jankauskas", "+37069874123", "Dainius"),
    (21, "", "renata.bernotiene@spedition.lt", "Bernotienė", "+37069874123", "Renata"),
    (22, "UAB EKSPERTAS", "laurynas.gedminas@ekspertas.lt", "Gedminas", "+37069874563", "Laurynas"),
    (23, "AB SVEIKATA", "zivile.sveikata@uab.lt", "Sveikata", "+37069874123", "Živilė"),
    (24, "", "mantas.ekonomika@uab.lt", "Ekonomika", "+37069874563", "Mantas"),
    (25, "UAB FERMA", "dainius.ferma@uab.lt", "Ferma", "+37069874123", "Dainius");

insert into komunikacija(id, pavadinimas, apibrezimas, data, klientas_id, produktas_id)
VALUES
    (1, "Domėjosi preke", "Domėjosi skalbimo mašina, bet jos nebuvo", "2024-02-04", 1, 3),
    (2, "Paprašė pranešti", "Paprašė pranešti kai atsiras šaldytuvai, įsigis 4", "2024-02-04", 1, 4),
    (3, "Paprašė pranešti", "Paprašė pranešti kai atsiras indaplovės", "2024-02-03", 2, NULL);


INSERT INTO finansas(id, tipas, data, vartotojas_id, kiekis, pavadinimas, apibudinimas)
VALUES

    (1, 0,"2023-09-01",3,80000, "Investicijos", "investicijos nuo remėjų"),

    (2, 1,"2023-09-05",7,1400, "Alga ", "Alga Tomui"),
    (3, 1,"2023-09-05",7,1600, "Alga ", "Alga Gintarei"),
    (4, 1,"2023-09-05",7,2000, "Alga ", "Alga Jonui"),
    (5, 1,"2023-09-05",7,1900, "Alga ", "Alga Petrui"),
    (6, 1,"2023-09-05",7,1300, "Alga ", "Alga Giedriui"),
    (7, 1,"2023-09-05",7,1700, "Alga ", "Alga Laurai"),
    (8, 1,"2023-09-05",7,2200, "Alga ", "Alga Jurgai"),


    (9, 1,"2023-09-08",11,45852, "Pirkimas ", "
Užsakymas iš UAB BUITINĖ TECHNIKA:
 23 AEG L9WBCN61B Skalbimo mašinos
 13 Samsung WW60A3120WE/ LE Skalbimo mašinos
 45 Šaldytuvai Samsung RB38A7B4EB1/ EF"),
    (10, 0,"2023-10-01",11,44000.50, "Draudimas ", "Draudimo išmoka nuo COMPENSA už potvynį"),

    (11, 1,"2023-10-05",7,1400, "Alga ", "Alga Tomui"),
    (12, 1,"2023-10-05",7,1600, "Alga ", "Alga Gintarei"),
    (13, 1,"2023-10-05",7,2000, "Alga ", "Alga Jonui"),
    (14, 1,"2023-10-05",7,1900, "Alga ", "Alga Petrui"),
    (15, 1,"2023-10-05",7,1300, "Alga ", "Alga Giedriui"),
    (16, 1,"2023-10-05",7,1700, "Alga ", "Alga Laurai"),
    (17, 1,"2023-10-05",7,2200, "Alga ", "Alga Jurgai"),


    (18, 0,"2023-10-25",3,44000.50, "Draudimas ", "Draudimo išmoka nuo COMPENSA už sugadintas prekes"),


    (19, 1,"2023-11-05",11,1400, "Alga ", "Alga Tomui"),
    (20, 1,"2023-11-05",11,1600, "Alga ", "Alga Gintarei"),
    (21, 1,"2023-11-05",11,2000, "Alga ", "Alga Jonui"),
    (22, 1,"2023-11-05",11,1900, "Alga ", "Alga Petrui"),
    (23, 1,"2023-11-05",11,1300, "Alga ", "Alga Giedriui"),
    (24, 1,"2023-11-05",11,1700, "Alga ", "Alga Laurai"),
    (25, 1,"2023-11-05",11,2200, "Alga ", "Alga Jurgai"),
    (26, 1,"2023-11-05",11,1100, "Alga ", "Alga Rokui"),


    (27, 1,"2023-11-06",7,19829.8, "Pirkimas ", "
Užsakymas iš UAB BUITINĖ TECHNIKA:
 12 AEG L9WBCN61B Skalbimo mašinos
 15 Samsung WW60A3120WE/ LE Skalbimo mašinos
 16 Samsung WW60A3120BE/ LE Skalbimo mašinos"),


    (28, 1,"2023-12-05",3,1400, "Alga ", "Alga Tomui"),
    (29, 1,"2023-12-05",3,1600, "Alga ", "Alga Gintarei"),
    (30, 1,"2023-12-05",3,2000, "Alga ", "Alga Jonui"),
    (31, 1,"2023-12-05",3,1900, "Alga ", "Alga Petrui"),
    (32, 1,"2023-12-05",3,1300, "Alga ", "Alga Giedriui"),
    (33, 1,"2023-12-05",3,1700, "Alga ", "Alga Laurai"),
    (34, 1,"2023-12-05",3,2200, "Alga ", "Alga Jurgai"),
    (35, 1,"2023-12-05",3,1100, "Alga ", "Alga Rokui"),
    (36, 1,"2023-12-05",3,1200, "Alga ", "Alga Eglei"),


    (37, 1,"2023-12-13",7,8750, "Pirkimas ", "
Užsakymas iš UAB BUITINĖ TECHNIKA:
 8 Samsung WW60A3120BE/ LE Skalbimo mašinos
 12 Šaldytuvai Hisense RR58D4AWF
 13 Šaldytuvai Samsung RB38A7B4EB1/ EF"),


    (38, 1,"2024-01-05",11,1400, "Alga ", "Alga Tomui"),
    (39, 1,"2024-01-05",11,1600, "Alga ", "Alga Gintarei"),
    (40, 1,"2024-01-05",11,2000, "Alga ", "Alga Jonui"),
    (41, 1,"2024-01-05",11,1900, "Alga ", "Alga Petrui"),
    (42, 1,"2024-01-05",11,1300, "Alga ", "Alga Giedriui"),
    (43, 1,"2024-01-05",11,1700, "Alga ", "Alga Laurai"),
    (44, 1,"2024-01-05",11,2200, "Alga ", "Alga Jurgai"),
    (45, 1,"2024-01-05",11,1100, "Alga ", "Alga Rokui"),
    (46, 1,"2024-01-05",11,1200, "Alga ", "Alga Eglei"),
    (47, 1,"2024-01-05",11,1100, "Alga ", "Alga Ritai"),


    (48, 0,"2024-01-06",3,80000, "Investicijos", "investicijos nuo remėjų"),
    (49, 1,"2024-01-06",7,2000, "Draudimas", "Draudimo mokėstis"),


    (50, 1,"2024-02-05",3,1400, "Alga ", "Alga Tomui"),
    (51, 1,"2024-02-05",3,1600, "Alga ", "Alga Gintarei"),
    (52, 1,"2024-02-05",3,2000, "Alga ", "Alga Jonui"),
    (53, 1,"2024-02-05",3,1900, "Alga ", "Alga Petrui"),
    (54, 1,"2024-02-05",3,1300, "Alga ", "Alga Giedriui"),
    (55, 1,"2024-02-05",3,1700, "Alga ", "Alga Laurai"),
    (56, 1,"2024-02-05",3,2200, "Alga ", "Alga Jurgai"),
    (57, 1,"2024-02-05",3,1100, "Alga ", "Alga Rokui"),
    (58, 1,"2024-02-05",3,1200, "Alga ", "Alga Eglei"),
    (59, 1,"2024-02-05",3,1100, "Alga ", "Alga Ritai");

INSERT INTO finansas_zyme(Finansas_id, zymes_id)
VALUES
    (1, 12),
    (2, 9),
    (3, 9),
    (4, 9),
    (5, 9),
    (6, 9),
    (7, 9),
    (8, 9),
    (9, 10),
    (10, 11),
    (11, 9),
    (12, 9),
    (13, 9),
    (14, 9),
    (15, 9),
    (16, 9),
    (17, 9),
    (18, 11),
    (19, 9),
    (20, 9),
    (21, 9),
    (22, 9),
    (23, 9),
    (24, 9),
    (25, 9),
    (26, 9),
    (27, 10),
    (28, 9),
    (29, 9),
    (30, 9),
    (31, 9),
    (32, 9),
    (33, 9),
    (34, 9),
    (35, 9),
    (36, 9),
    (37, 10),
    (38, 9),
    (39, 9),
    (40, 9),
    (41, 9),
    (42, 9),
    (43, 9),
    (44, 9),
    (45, 9),
    (46, 9),
    (47, 9),
    (48, 12),
    (49, 11),
    (50, 9),
    (51, 9),
    (52, 9),
    (53, 9),
    (54, 9),
    (55, 9),
    (56, 9),
    (57, 9),
    (58, 9),
    (59, 9);

INSERT INTO pardavimas(id, data, klientas_id, pardavejas_id)
VALUES
    (1, "2024-02-01 10:21:00",1 ,2),
    (2, "2024-02-01 10:54:00",NULL ,2),
    (3, "2024-02-01 13:25:00",25 ,4),
    (4, "2024-02-01 14:01:00",13 ,5),
    (5, "2024-02-01 15:06:00",NULL ,10),

    (6, "2024-02-02 09:23:00",14 ,10),
    (7, "2024-02-02 09:52:00",NULL ,2),
    (8, "2024-02-02 10:44:00",NULL ,4),
    (9, "2024-02-02 12:05:00",1 ,5),
    (10, "2024-02-02 13:21:00",7 ,4),
    (11, "2024-02-02 14:34:00",16 ,2),

    (12, "2024-02-03 10:21:00",17 ,10),
    (13, "2024-02-03 10:54:00",NULL ,10),
    (14, "2024-02-03 13:25:00",11 ,4),

    (15, "2024-02-05 09:23:00",10 ,2),
    (16, "2024-02-05 09:52:00",2 ,4),
    (17, "2024-02-05 10:44:00",NULL ,5),
    (18, "2024-02-05 12:05:00",NULL ,5),
    (19, "2024-02-05 13:21:00",NULL ,10),
    (20, "2024-02-05 14:34:00",17 ,10),
    (21, "2024-02-05 15:46:00",18 ,10),
    (22, "2024-02-05 16:21:00",19 ,4),

    (23, "2024-02-06 10:21:00",16 ,5),
    (24, "2024-02-06 10:54:00",21 ,2),
    (25, "2024-02-06 13:25:00",22 ,4),
    (26, "2024-02-06 14:01:00",NULL ,5),

    (27, "2024-02-07 09:23:00",NULL ,10),
    (28, "2024-02-07 09:52:00",4 ,10),
    (29, "2024-02-07 10:44:00",5 ,10),
    (30, "2024-02-07 12:05:00",6 ,2),
    (31, "2024-02-07 13:21:00",7 ,4),
    (32, "2024-02-07 14:34:00",8 ,5),
    (33, "2024-02-07 15:46:00",9 ,10),
    (34, "2024-02-07 16:21:00",NULL ,2),

    (35, "2024-02-08 10:21:00",12 ,10),
    (36, "2024-02-08 10:54:00",3 ,2),
    (37, "2024-02-08 13:25:00",23 ,4),
    (38, "2024-02-08 14:01:00",21 ,5),
    (39, "2024-02-08 15:06:00",NULL ,5),

    (40, "2024-02-09 09:23:00",20 ,5),
    (41, "2024-02-09 09:52:00",21 ,10),
    (42, "2024-02-09 10:44:00",NULL ,10),
    (43, "2024-02-09 12:05:00",24 ,10),
    (44, "2024-02-09 13:21:00",4 ,2),
    (45, "2024-02-09 14:34:00",5 ,4),
    (46, "2024-02-09 15:46:00",NULL ,5),
    (47, "2024-02-09 16:21:00",NULL ,10),

    (48, "2024-02-10 10:21:00",7 ,2),
    (49, "2024-02-10 10:54:00",8 ,10),
    (50, "2024-02-10 13:25:00",NULL ,4),

    (51, "2024-02-12 09:23:00",12 ,4),
    (52, "2024-02-12 09:52:00",2 ,4),
    (53, "2024-02-12 10:44:00",5 ,4),
    (54, "2024-02-12 12:05:00",NULL ,5),
    (55, "2024-02-12 13:21:00",NULL ,10),
    (56, "2024-02-12 14:34:00",13 ,2),
    (57, "2024-02-12 15:46:00",NULL ,4),

    (58, "2024-02-13 10:21:00",10 ,5),
    (59, "2024-02-13 10:54:00",15 ,10),
    (60, "2024-02-13 13:25:00",NULL ,10),
    (61, "2024-02-13 14:01:00",12 ,2),
    (62, "2024-02-13 15:06:00",NULL ,4),

    (63, "2024-02-14 09:23:00",2 ,5),
    (64, "2024-02-14 09:52:00",4 ,5),
    (65, "2024-02-14 10:44:00",NULL ,4),
    (66, "2024-02-14 12:05:00",NULL ,10),
    (67, "2024-02-14 13:21:00",7 ,5),
    (68, "2024-02-14 14:34:00", NULL,10),

    (69, "2024-02-15 10:21:00",19 ,4),
    (70, "2024-02-15 10:54:00",9 ,5),
    (71, "2024-02-15 13:25:00",8 ,10),
    (72, "2024-02-15 14:01:00",NULL ,10),
    (73, "2024-02-15 15:06:00",16 ,5),
    (74, "2024-02-15 16:31:00",NULL,4),
    (75, "2024-02-15 16:44:00",22 ,5),
    (76, "2024-02-15 16:52:00",NULL ,10),
    (77, "2024-02-15 17:06:00",24 ,5),

    (78, "2024-02-16 09:23:00",13 ,4),
    (79, "2024-02-16 09:52:00",14 ,2),
    (80, "2024-02-16 10:44:00",NULL ,5),
    (81, "2024-02-16 12:05:00",NULL ,5),
    (82, "2024-02-16 13:21:00",NULL ,10),

    (83, "2024-02-17 10:21:00",16 ,2),
    (84, "2024-02-17 10:54:00",15 ,4),
    (85, "2024-02-17 13:25:00",NULL ,4),

    (86, "2024-02-19 09:23:00",NULL,5),
    (87, "2024-02-19 09:52:00",7 ,10),
    (88, "2024-02-19 10:44:00",NULL,2),
    (89, "2024-02-19 12:05:00",5 ,2),

    (90, "2024-02-20 10:21:00",4 ,5),
    (91, "2024-02-20 10:54:00",NULL ,5),
    (92, "2024-02-20 13:25:00",2 ,10),
    (93, "2024-02-20 14:01:00",16 ,10),
    (94, "2024-02-20 15:06:00",NULL ,5),
    (95, "2024-02-20 17:06:00",24 ,4),

    (96, "2024-02-21 09:23:00",25 ,2),
    (97, "2024-02-21 09:52:00",NULL ,4),
    (98, "2024-02-21 10:44:00",NULL ,4),
    (99, "2024-02-21 12:05:00",NULL ,5),
    (100, "2024-02-21 13:21:00",23 ,10),
    (101, "2024-02-21 14:34:00",20 ,10),

    (102, "2024-02-22 10:21:00",NULL ,2),
    (103, "2024-02-22 10:54:00",13 ,4),
    (104, "2024-02-22 13:25:00",NULL ,5),
    (105, "2024-02-22 14:01:00",12 ,5),
    (106, "2024-02-22 15:06:00",11 ,5),
    (107, "2024-02-22 17:06:00",10 ,2),

    (108, "2024-02-23 09:23:00",13 ,10),
    (109, "2024-02-23 09:52:00",7 ,10),
    (110, "2024-02-23 10:44:00",NULL ,2),
    (111, "2024-02-23 12:05:00", 4,4),

    (112, "2024-02-23 10:21:00",3 ,4),
    (113, "2024-02-23 10:54:00",1 ,2),
    (114, "2024-02-23 13:25:00",NULL ,5),
    (115, "2024-02-23 14:01:00",NULL ,10),

    (116, "2024-02-26 09:23:00",17 ,2),
    (117, "2024-02-26 09:52:00",NULL ,4),
    (118, "2024-02-26 10:44:00",19 ,4),
    (119, "2024-02-26 12:05:00",NULL,4),

    (120, "2024-02-27 10:21:00", 22,2),
    (121, "2024-02-27 10:54:00", 23,2),
    (122, "2024-02-27 13:25:00", NULL,4),
    (123, "2024-02-27 14:01:00", NULL,10),
    (124, "2024-02-27 15:06:00", 17,5),
    (125, "2024-02-27 16:57:00", 5,2),
    (126, "2024-02-27 16:22:00", 8,10),
    (127, "2024-02-27 17:06:00", 9,10),

    (128, "2024-02-28 09:23:00", 21,2),
    (129, "2024-02-28 09:52:00", NULL,4),
    (130, "2024-02-28 10:44:00", NULL,4),
    (131, "2024-02-28 12:05:00", NULL,4),
    (132, "2024-02-28 13:21:00", 12,5),

    (133, "2024-02-29 10:21:00", 7,10),
    (134, "2024-02-29 10:54:00", 5,10),
    (135, "2024-02-29 13:25:00", NULL,5),
    (136, "2024-02-29 14:01:00", 8,5),
    (137, "2024-02-29 15:06:00", NULL,4),
    (138, "2024-02-29 16:22:00", NULL,4);

INSERT INTO pardavimolinija(id, pardavimas_id, kainaUzViena, pirkimoKaina, produktas_id, kiekis)
VALUES
    (1, 1, 300.87, 246.55, 3, 1),

    (2, 2, 65.49, 54.25, 7, 1),

    (3, 3, 65.49, 54.25, 7, 3),
    (4, 3, 57.99, 31.18, 8, 1),
    (5, 3, 96.7, 78.63, 4, 1),

    (6, 4, 57.99, 33.24, 8, 3),
    (7, 4, 66, 48.65, 9, 4),

    (8, 5, 300.87, 246.55, 3, 2),
    (9, 5, 349.99, 302.56, 6, 1),
    (10, 5, 66, 48.65, 9, 2),

    (11, 6, 57.99, 33.24, 8, 1),
    (12, 6, 66, 48.65, 9, 1),

    (13, 7, 57.99, 33.24, 8, 1),

    (14, 8, 513.28, 447, 5, 3),

    (15, 9, 57.99, 31.18, 8, 2),

    (16, 10, 96.7, 78.63, 4, 1),
    (17, 10, 327.45, 294.55, 2, 5),

    (18, 11, 327.45, 299, 2, 1),
    (19, 11, 57.99, 33.24, 8, 1),

    (20, 12, 57.99, 33.24, 8, 1),
    (21, 12, 513.28, 447, 5, 1),
    (22, 12, 66, 48.65, 9, 1),

    (23, 13, 65.49, 54.25, 7, 1),

    (24, 14, 300.87, 246.55, 3, 2),
    (25, 14, 66, 48.65, 9, 5),

    (26, 15, 327.45, 299, 2, 1),

    (27, 16, 65.49, 54.25, 7, 1),
    (28, 16, 327.45, 299, 2, 4),
    (29, 16, 96.7, 78.63, 4, 5),

    (30, 17, 327.45, 299, 2, 1),
    (31, 17, 349.99, 302.56, 6, 1),
    (32, 17, 57.99, 33.24, 8, 1),

    (33, 18, 327.45, 299, 2, 1),

    (34, 19, 1084.99, 950, 1, 3),

    (35, 20, 349.99, 302.56, 6, 2),
    (36, 20, 96.7, 80.55, 4, 2),
    (37, 20, 1084.99, 950, 1, 2),

    (38, 21, 57.99, 31.18, 8, 4),
    (39, 21, 96.7, 80.55, 4, 1),
    (40, 21, 96.7, 78.63, 4, 2),

    (41, 22, 300.87, 246.55, 3, 1),

    (42, 23, 65.49, 54.25, 7, 1),
    (43, 23, 57.99, 31.18, 8, 2),
    (44, 23, 96.7, 78.63, 4, 3),
    (45, 23, 66, 48.65, 9, 1),
    (46, 23, 1084.99, 950, 1, 5),

    (47, 24, 327.45, 299, 2, 3),

    (48, 25, 57.99, 31.18, 8, 1),

    (49, 26, 65.49, 54.25, 7, 2),
    (50, 26, 300.87, 246.55, 3, 5),
    (51, 26, 96.7, 78.63, 4, 1),

    (52, 27, 57.99, 31.18, 8, 1),

    (53, 28, 96.7, 80.55, 4, 1),
    (54, 28, 96.7, 78.63, 4, 2),

    (55, 29, 57.99, 33.24, 8, 1),

    (56, 30, 349.99, 302.56, 6, 3),
    (57, 30, 96.7, 80.55, 4, 2),
    (58, 30, 327.45, 294.55, 2, 1),

    (59, 31, 349.99, 302.56, 6, 1),

    (60, 32, 300.87, 246.55, 3, 1),

    (61, 33, 96.7, 78.63, 4, 1),

    (62, 34, 513.28, 447, 5, 1),

    (63, 35, 65.49, 54.25, 7, 2),
    (64, 35, 349.99, 302.56, 6, 3),
    (65, 35, 66, 48.65, 9, 1),

    (66, 36, 513.28, 447, 5, 5),

    (67, 37, 96.7, 78.63, 4, 1),

    (68, 38, 300.87, 246.55, 3, 3),
    (69, 38, 57.99, 33.24, 8, 1),
    (70, 38, 57.99, 31.18, 8, 3),
    (71, 38, 1084.99, 950, 1, 1),

    (72, 39, 327.45, 294.55, 2, 2),

    (73, 40, 327.45, 299, 2, 2),

    (74, 41, 65.49, 54.25, 7, 1),
    (75, 41, 57.99, 33.24, 8, 1),

    (76, 42, 57.99, 33.24, 8, 5),

    (77, 43, 513.28, 447, 5, 4),

    (78, 44, 65.49, 54.25, 7, 3),
    (79, 44, 57.99, 33.24, 8, 2),
    (80, 44, 57.99, 31.18, 8, 2),
    (81, 44, 513.28, 447, 5, 4),

    (82, 45, 349.99, 302.56, 6, 3),
    (83, 45, 96.7, 80.55, 4, 2),

    (84, 46, 65.49, 54.25, 7, 1),

    (85, 47, 65.49, 54.25, 7, 1),

    (86, 48, 57.99, 33.24, 8, 1),

    (87, 49, 300.87, 246.55, 3, 2),

    (88, 50, 300.87, 246.55, 3, 2),
    (89, 50, 57.99, 31.18, 8, 1),

    (90, 51, 66, 48.65, 9, 2),

    (91, 52, 65.49, 54.25, 7, 1),
    (92, 52, 300.87, 246.55, 3, 2),
    (93, 52, 1084.99, 950, 1, 3),

    (94, 53, 349.99, 302.56, 6, 1),
    (95, 53, 96.7, 80.55, 4, 1),

    (96, 54, 1084.99, 950, 1, 2),
    (97, 54, 327.45, 294.55, 2, 1),

    (98, 55, 1084.99, 950, 1, 4),

    (99, 56, 57.99, 33.24, 8, 3),

    (100, 57, 513.28, 447, 5, 1),

    (101, 58, 327.45, 294.55, 2, 1),

    (102, 59, 300.87, 246.55, 3, 2),

    (103, 60, 57.99, 33.24, 8, 1),
    (104, 60, 513.28, 447, 5, 2),

    (105, 61, 57.99, 31.18, 8, 2),

    (106, 62, 327.45, 299, 2, 1),

    (107, 63, 96.7, 80.55, 4, 4),

    (108, 64, 1084.99, 950, 1, 3),

    (109, 65, 327.45, 299, 2, 1),
    (110, 65, 57.99, 33.24, 8, 3),
    (111, 65, 57.99, 31.18, 8, 3),
    (112, 65, 96.7, 78.63, 4, 1),

    (113, 66, 57.99, 31.18, 8, 1),
    (114, 66, 96.7, 78.63, 4, 1),
    (115, 66, 327.45, 294.55, 2, 1),

    (116, 67, 96.7, 80.55, 4, 4),
    (117, 67, 327.45, 294.55, 2, 3),

    (118, 68, 57.99, 31.18, 8, 2),
    (119, 68, 66, 48.65, 9, 2),

    (120, 69, 327.45, 294.55, 2, 1),

    (121, 70, 327.45, 299, 2, 1),
    (122, 70, 96.7, 78.63, 4, 5),

    (123, 71, 327.45, 299, 2, 1),
    (124, 71, 96.7, 80.55, 4, 3),

    (125, 72, 513.28, 447, 5, 1),
    (126, 72, 327.45, 294.55, 2, 2),

    (127, 73, 57.99, 33.24, 8, 2),
    (128, 73, 66, 48.65, 9, 1),

    (129, 74, 349.99, 302.56, 6, 1),

    (130, 75, 349.99, 302.56, 6, 1),
    (131, 75, 57.99, 31.18, 8, 2),

    (132, 76, 57.99, 33.24, 8, 1),
    (133, 76, 96.7, 80.55, 4, 3),

    (134, 77, 327.45, 299, 2, 1),

    (135, 78, 96.7, 78.63, 4, 2),

    (136, 79, 327.45, 299, 2, 1),
    (137, 79, 57.99, 33.24, 8, 1),
    (138, 79, 96.7, 80.55, 4, 1),

    (139, 80, 65.49, 54.25, 7, 1),
    (140, 80, 300.87, 246.55, 3, 1),
    (141, 80, 96.7, 78.63, 4, 1),
    (142, 80, 66, 48.65, 9, 4),

    (143, 81, 327.45, 299, 2, 4),
    (144, 81, 349.99, 302.56, 6, 3),
    (145, 81, 57.99, 31.18, 8, 1),
    (146, 81, 513.28, 447, 5, 1),

    (147, 82, 327.45, 299, 2, 2),

    (148, 83, 57.99, 31.18, 8, 1),

    (149, 84, 66, 48.65, 9, 5),

    (150, 85, 65.49, 54.25, 7, 1),
    (151, 85, 57.99, 33.24, 8, 1),
    (152, 85, 96.7, 80.55, 4, 3),
    (153, 85, 96.7, 78.63, 4, 4),
    (154, 85, 66, 48.65, 9, 3),

    (155, 86, 349.99, 302.56, 6, 1),

    (156, 87, 327.45, 299, 2, 4),

    (157, 88, 96.7, 80.55, 4, 2),

    (158, 89, 57.99, 31.18, 8, 5),

    (159, 90, 65.49, 54.25, 7, 1),
    (160, 90, 57.99, 33.24, 8, 1),
    (161, 90, 513.28, 447, 5, 2),
    (162, 90, 96.7, 78.63, 4, 1),
    (163, 90, 327.45, 294.55, 2, 3),

    (164, 91, 65.49, 54.25, 7, 1),
    (165, 91, 349.99, 302.56, 6, 4),

    (166, 92, 65.49, 54.25, 7, 3),
    (167, 92, 349.99, 302.56, 6, 5),
    (168, 92, 327.45, 294.55, 2, 2),

    (169, 93, 513.28, 447, 5, 3),

    (170, 94, 96.7, 78.63, 4, 4),

    (171, 95, 300.87, 246.55, 3, 1),
    (172, 95, 349.99, 302.56, 6, 2),
    (173, 95, 1084.99, 950, 1, 1),

    (174, 96, 513.28, 447, 5, 1),
    (175, 96, 1084.99, 950, 1, 1),

    (176, 97, 57.99, 33.24, 8, 1),
    (177, 97, 57.99, 31.18, 8, 1),
    (178, 97, 1084.99, 950, 1, 5),

    (179, 98, 66, 48.65, 9, 1),

    (180, 99, 66, 48.65, 9, 1),

    (181, 100, 66, 48.65, 9, 1),

    (182, 101, 327.45, 294.55, 2, 2),

    (183, 102, 66, 48.65, 9, 2),

    (184, 103, 96.7, 80.55, 4, 2),

    (185, 104, 513.28, 447, 5, 1),

    (186, 105, 327.45, 294.55, 2, 1),

    (187, 106, 327.45, 299, 2, 1),
    (188, 106, 513.28, 447, 5, 3),
    (189, 106, 96.7, 80.55, 4, 1),
    (190, 106, 327.45, 294.55, 2, 1),

    (191, 107, 65.49, 54.25, 7, 1),
    (192, 107, 513.28, 447, 5, 2),

    (193, 108, 349.99, 302.56, 6, 2),
    (194, 108, 57.99, 31.18, 8, 1),
    (195, 108, 96.7, 78.63, 4, 1),

    (196, 109, 65.49, 54.25, 7, 1),
    (197, 109, 513.28, 447, 5, 2),

    (198, 110, 300.87, 246.55, 3, 2),

    (199, 111, 96.7, 78.63, 4, 2),

    (200, 112, 96.7, 78.63, 4, 4),

    (201, 113, 513.28, 447, 5, 5),

    (202, 114, 327.45, 299, 2, 1),

    (203, 115, 66, 48.65, 9, 2),

    (204, 116, 349.99, 302.56, 6, 2),

    (205, 117, 96.7, 80.55, 4, 2),

    (206, 118, 300.87, 246.55, 3, 2),
    (207, 118, 513.28, 447, 5, 1),
    (208, 118, 96.7, 80.55, 4, 2),
    (209, 118, 1084.99, 950, 1, 1),

    (210, 119, 57.99, 31.18, 8, 1),

    (211, 120, 1084.99, 950, 1, 1),
    (212, 120, 327.45, 294.55, 2, 1),

    (213, 121, 300.87, 246.55, 3, 1),
    (214, 121, 327.45, 294.55, 2, 4),

    (215, 122, 66, 48.65, 9, 2),

    (216, 123, 349.99, 302.56, 6, 2),

    (217, 124, 96.7, 80.55, 4, 1),

    (218, 125, 300.87, 246.55, 3, 1),

    (219, 126, 300.87, 246.55, 3, 1),
    (220, 126, 57.99, 33.24, 8, 1),
    (221, 126, 66, 48.65, 9, 1),
    (222, 126, 327.45, 294.55, 2, 3),

    (223, 127, 57.99, 31.18, 8, 1),
    (224, 127, 1084.99, 950, 1, 1),

    (225, 128, 300.87, 246.55, 3, 1),
    (226, 128, 349.99, 302.56, 6, 2),
    (227, 128, 66, 48.65, 9, 5),

    (228, 129, 513.28, 447, 5, 1),
    (229, 129, 96.7, 78.63, 4, 2),

    (230, 130, 57.99, 33.24, 8, 1),
    (231, 130, 327.45, 294.55, 2, 1),

    (232, 131, 65.49, 54.25, 7, 3),

    (233, 132, 96.7, 78.63, 4, 3),

    (234, 133, 65.49, 54.25, 7, 1),

    (235, 134, 57.99, 31.18, 8, 3),

    (236, 135, 65.49, 54.25, 7, 2),
    (237, 135, 513.28, 447, 5, 4),

    (238, 136, 300.87, 246.55, 3, 3),

    (239, 137, 65.49, 54.25, 7, 3),
    (240, 137, 300.87, 246.55, 3, 1),

    (241, 138, 349.99, 302.56, 6, 5);


